State,Type,PFW ID,Source,Line,Same-type parent ID present,Recommended disposition,Parent candidate,Reason,Evidence section
active,assembling-machine,y-retrader-1,prototypes/e_basic.lua,5,False,reuse_candidate_with_compatibility,yi_engines:assembling-machine/ye_trade_node,"Same trading role; category, speed, power and construction differ; retain PFW trades.",machines
active,assembling-machine,y-rich-1,prototypes/e_basic.lua,40,False,retain_unfinished_pfw,,No confirmed replacement for wealth tiers; commented construction and obsolete category require later design.,machines
active,assembling-machine,y-rich-2,prototypes/e_basic.lua,65,False,retain_unfinished_pfw,,No confirmed replacement for wealth tiers; commented construction and obsolete category require later design.,machines
active,assembling-machine,y-factory-1,prototypes/e_factory.lua,5,False,retain_pfw,,Dedicated PFW category absent from parent machines; factories 4/6/7 retain commented construction.,machines
active,assembling-machine,y-factory-2,prototypes/e_factory.lua,37,False,retain_pfw,,Dedicated PFW category absent from parent machines; factories 4/6/7 retain commented construction.,machines
active,assembling-machine,y-factory-3,prototypes/e_factory.lua,69,False,retain_pfw,,Dedicated PFW category absent from parent machines; factories 4/6/7 retain commented construction.,machines
active,assembling-machine,y-factory-4,prototypes/e_factory.lua,93,False,retain_pfw,,Dedicated PFW category absent from parent machines; factories 4/6/7 retain commented construction.,machines
active,assembling-machine,y-factory-5,prototypes/e_factory.lua,125,False,retain_pfw,,Dedicated PFW category absent from parent machines; factories 4/6/7 retain commented construction.,machines
active,assembling-machine,y-factory-6,prototypes/e_factory.lua,157,False,retain_pfw,,Dedicated PFW category absent from parent machines; factories 4/6/7 retain commented construction.,machines
active,assembling-machine,y-factory-7,prototypes/e_factory.lua,189,False,retain_pfw,,Dedicated PFW category absent from parent machines; factories 4/6/7 retain commented construction.,machines
active,assembling-machine,y-factory-8,prototypes/e_factory.lua,221,False,retain_pfw,,Dedicated PFW category absent from parent machines; factories 4/6/7 retain commented construction.,machines
active,assembling-machine,y-factory-9,prototypes/e_factory.lua,254,False,retain_pfw,,Dedicated PFW category absent from parent machines; factories 4/6/7 retain commented construction.,machines
active,item,y-retrader-1,prototypes/ir_basic.lua,9,False,reuse_candidate_with_compatibility,yi_engines:item/ye_trade_node,"Same trading role; category, speed, power and construction differ; retain PFW trades.",machines
active,item,y-rich-1,prototypes/ir_basic.lua,10,False,retain_unfinished_pfw,,No confirmed replacement for wealth tiers; commented construction and obsolete category require later design.,machines
active,item,y-rich-2,prototypes/ir_basic.lua,11,False,retain_unfinished_pfw,,No confirmed replacement for wealth tiers; commented construction and obsolete category require later design.,machines
active,item,y-mun-0,prototypes/ir_fab1.lua,23,False,retain_pfw,,No functional parent equivalent established; preserve trade-good/material identity and its recipes.,trade-goods-and-materials
active,item,y-mun-1,prototypes/ir_fab1.lua,24,False,retain_pfw,,No functional parent equivalent established; preserve trade-good/material identity and its recipes.,trade-goods-and-materials
commented,item,y-mun-2,prototypes/ir_fab1.lua,25,False,preserve_commented; reuse_parent,Yuoki:ammo/yi_ammo_energie,Historical migration evidence; retain unique consumers and recipes; consult equipment comparison for changed stats and tier collapse.,equipment-and-weapons
active,item,y-mun-3,prototypes/ir_fab1.lua,26,False,retain_pfw,,No functional parent equivalent established; preserve trade-good/material identity and its recipes.,trade-goods-and-materials
active,item,y-mun-4,prototypes/ir_fab1.lua,27,False,retain_pfw,,No functional parent equivalent established; preserve trade-good/material identity and its recipes.,trade-goods-and-materials
active,item,y-mun-5,prototypes/ir_fab1.lua,28,False,retain_pfw,,No functional parent equivalent established; preserve trade-good/material identity and its recipes.,trade-goods-and-materials
active,item,y-mun-6,prototypes/ir_fab1.lua,29,False,retain_pfw,,No functional parent equivalent established; preserve trade-good/material identity and its recipes.,trade-goods-and-materials
active,item,y-mun-7,prototypes/ir_fab1.lua,30,False,retain_pfw,,No functional parent equivalent established; preserve trade-good/material identity and its recipes.,trade-goods-and-materials
active,item,y-mun-8,prototypes/ir_fab1.lua,31,False,retain_pfw,,No functional parent equivalent established; preserve trade-good/material identity and its recipes.,trade-goods-and-materials
active,item,y-mun-9,prototypes/ir_fab1.lua,32,False,retain_pfw,,No functional parent equivalent established; preserve trade-good/material identity and its recipes.,trade-goods-and-materials
active,item,y-sm-0,prototypes/ir_fab2.lua,35,False,retain_pfw,,No functional parent equivalent established; preserve trade-good/material identity and its recipes.,trade-goods-and-materials
commented,item,y-sm-1,prototypes/ir_fab2.lua,36,False,preserve_commented; reuse_parent,Yuoki:gun/yi_lasergun,Historical migration evidence; retain unique consumers and recipes; consult equipment comparison for changed stats and tier collapse.,equipment-and-weapons
commented,item,y-sm-2,prototypes/ir_fab2.lua,37,False,preserve_commented; reuse_parent_role_pending_tier_mapping,Yuoki:gun/yi_lasergun,Historical migration evidence; retain unique consumers and recipes; consult equipment comparison for changed stats and tier collapse.,equipment-and-weapons
active,item,y-sm-3,prototypes/ir_fab2.lua,38,False,retain_pfw,,No functional parent equivalent established; preserve trade-good/material identity and its recipes.,trade-goods-and-materials
active,item,y-sm-4,prototypes/ir_fab2.lua,39,False,retain_pfw,,No functional parent equivalent established; preserve trade-good/material identity and its recipes.,trade-goods-and-materials
commented,item,y-sm-5,prototypes/ir_fab2.lua,40,False,preserve_commented; reuse_parent,Yuoki:gun/yi_minigun,Historical migration evidence; retain unique consumers and recipes; consult equipment comparison for changed stats and tier collapse.,equipment-and-weapons
active,item,y-sm-6,prototypes/ir_fab2.lua,41,False,retain_pfw,,No functional parent equivalent established; preserve trade-good/material identity and its recipes.,trade-goods-and-materials
commented,item,y-sm-7,prototypes/ir_fab2.lua,42,False,preserve_commented; retain_pfw,,No functional parent equivalent established; preserve trade-good/material identity and its recipes.,trade-goods-and-materials
commented,item,y-sm-8,prototypes/ir_fab2.lua,43,False,preserve_commented; retain_pfw,,No functional parent equivalent established; preserve trade-good/material identity and its recipes.,trade-goods-and-materials
commented,item,y-sm-9,prototypes/ir_fab2.lua,44,False,preserve_commented; retain_pfw,,No functional parent equivalent established; preserve trade-good/material identity and its recipes.,trade-goods-and-materials
active,item,y-cyb-0,prototypes/ir_fab3.lua,24,False,retain_pfw,,No functional parent equivalent established; preserve trade-good/material identity and its recipes.,trade-goods-and-materials
active,item,y-cyb-1,prototypes/ir_fab3.lua,25,False,retain_pfw,,No functional parent equivalent established; preserve trade-good/material identity and its recipes.,trade-goods-and-materials
active,item,y-cyb-2,prototypes/ir_fab3.lua,26,False,retain_pfw,,No functional parent equivalent established; preserve trade-good/material identity and its recipes.,trade-goods-and-materials
active,item,y-cyb-3,prototypes/ir_fab3.lua,27,False,retain_pfw,,No functional parent equivalent established; preserve trade-good/material identity and its recipes.,trade-goods-and-materials
active,item,y-cyb-4,prototypes/ir_fab3.lua,28,False,retain_pfw,,No functional parent equivalent established; preserve trade-good/material identity and its recipes.,trade-goods-and-materials
active,item,y-cyb-5,prototypes/ir_fab3.lua,29,False,retain_pfw,,No functional parent equivalent established; preserve trade-good/material identity and its recipes.,trade-goods-and-materials
active,item,y-cyb-6,prototypes/ir_fab3.lua,30,False,retain_pfw,,No functional parent equivalent established; preserve trade-good/material identity and its recipes.,trade-goods-and-materials
active,item,y-cyb-7,prototypes/ir_fab3.lua,31,False,retain_pfw,,No functional parent equivalent established; preserve trade-good/material identity and its recipes.,trade-goods-and-materials
active,item,y-cyb-8,prototypes/ir_fab3.lua,32,False,retain_pfw,,No functional parent equivalent established; preserve trade-good/material identity and its recipes.,trade-goods-and-materials
active,item,y-cyb-9,prototypes/ir_fab3.lua,33,False,retain_pfw,,No functional parent equivalent established; preserve trade-good/material identity and its recipes.,trade-goods-and-materials
active,item,y-veh-0,prototypes/ir_fab5.lua,24,False,retain_pfw,,No functional parent equivalent established; preserve trade-good/material identity and its recipes.,trade-goods-and-materials
active,item,y-veh-1,prototypes/ir_fab5.lua,25,False,retain_pfw,,No functional parent equivalent established; preserve trade-good/material identity and its recipes.,trade-goods-and-materials
active,item,y-veh-2,prototypes/ir_fab5.lua,26,False,retain_pfw,,No functional parent equivalent established; preserve trade-good/material identity and its recipes.,trade-goods-and-materials
active,item,y-veh-3,prototypes/ir_fab5.lua,27,False,retain_pfw,,No functional parent equivalent established; preserve trade-good/material identity and its recipes.,trade-goods-and-materials
active,item,y-veh-4,prototypes/ir_fab5.lua,28,False,retain_pfw,,No functional parent equivalent established; preserve trade-good/material identity and its recipes.,trade-goods-and-materials
active,item,y-veh-5,prototypes/ir_fab5.lua,29,False,retain_pfw,,No functional parent equivalent established; preserve trade-good/material identity and its recipes.,trade-goods-and-materials
active,item,y-veh-6,prototypes/ir_fab5.lua,30,False,retain_pfw,,No functional parent equivalent established; preserve trade-good/material identity and its recipes.,trade-goods-and-materials
commented,item,y-veh-7,prototypes/ir_fab5.lua,31,False,preserve_commented; retain_pfw,,No functional parent equivalent established; preserve trade-good/material identity and its recipes.,trade-goods-and-materials
active,item,y-veh-8,prototypes/ir_fab5.lua,32,False,retain_pfw,,No functional parent equivalent established; preserve trade-good/material identity and its recipes.,trade-goods-and-materials
active,item,y-veh-9,prototypes/ir_fab5.lua,33,False,retain_pfw,,No functional parent equivalent established; preserve trade-good/material identity and its recipes.,trade-goods-and-materials
active,item,y-equ-0,prototypes/ir_fab8.lua,36,False,retain_pfw,,No functional parent equivalent established; preserve trade-good/material identity and its recipes.,trade-goods-and-materials
active,item,y-equ-1,prototypes/ir_fab8.lua,37,False,reuse_parent_role_pending_tier_mapping,Yuoki:item/yi_equip_shield_b,Historical migration evidence; retain unique consumers and recipes; consult equipment comparison for changed stats and tier collapse.,equipment-and-weapons
active,item,y-equ-2,prototypes/ir_fab8.lua,38,False,reuse_parent_role_pending_tier_mapping,Yuoki:item/yi_equip_shield_b,Historical migration evidence; retain unique consumers and recipes; consult equipment comparison for changed stats and tier collapse.,equipment-and-weapons
active,item,y-equ-3,prototypes/ir_fab8.lua,39,False,retain_pfw,,No functional parent equivalent established; preserve trade-good/material identity and its recipes.,trade-goods-and-materials
active,item,y-equ-4,prototypes/ir_fab8.lua,40,False,retain_pfw,,No functional parent equivalent established; preserve trade-good/material identity and its recipes.,trade-goods-and-materials
active,item,y-equ-5,prototypes/ir_fab8.lua,41,False,retain_pfw,,No functional parent equivalent established; preserve trade-good/material identity and its recipes.,trade-goods-and-materials
active,item,y-equ-6,prototypes/ir_fab8.lua,42,False,reuse_parent,Yuoki:item/yi_equip_generator_a,Historical migration evidence; retain unique consumers and recipes; consult equipment comparison for changed stats and tier collapse.,equipment-and-weapons
commented,item,y-equ-7,prototypes/ir_fab8.lua,43,False,preserve_commented; retain_pfw,,No functional parent equivalent established; preserve trade-good/material identity and its recipes.,trade-goods-and-materials
commented,item,y-equ-8,prototypes/ir_fab8.lua,44,False,preserve_commented; retain_pfw,,No functional parent equivalent established; preserve trade-good/material identity and its recipes.,trade-goods-and-materials
active,item,y-equ-9,prototypes/ir_fab8.lua,45,False,reuse_parent,Yuoki:item/yi_equip_legs_a,Historical migration evidence; retain unique consumers and recipes; consult equipment comparison for changed stats and tier collapse.,equipment-and-weapons
active,item,y-factory-1,prototypes/ir_factory.lua,25,False,retain_pfw,,Dedicated PFW category absent from parent machines; factories 4/6/7 retain commented construction.,machines
active,item,y-factory-2,prototypes/ir_factory.lua,26,False,retain_pfw,,Dedicated PFW category absent from parent machines; factories 4/6/7 retain commented construction.,machines
active,item,y-factory-3,prototypes/ir_factory.lua,27,False,retain_pfw,,Dedicated PFW category absent from parent machines; factories 4/6/7 retain commented construction.,machines
active,item,y-factory-4,prototypes/ir_factory.lua,28,False,retain_pfw,,Dedicated PFW category absent from parent machines; factories 4/6/7 retain commented construction.,machines
active,item,y-factory-5,prototypes/ir_factory.lua,29,False,retain_pfw,,Dedicated PFW category absent from parent machines; factories 4/6/7 retain commented construction.,machines
active,item,y-factory-6,prototypes/ir_factory.lua,30,False,retain_pfw,,Dedicated PFW category absent from parent machines; factories 4/6/7 retain commented construction.,machines
active,item,y-factory-7,prototypes/ir_factory.lua,31,False,retain_pfw,,Dedicated PFW category absent from parent machines; factories 4/6/7 retain commented construction.,machines
active,item,y-factory-8,prototypes/ir_factory.lua,32,False,retain_pfw,,Dedicated PFW category absent from parent machines; factories 4/6/7 retain commented construction.,machines
active,item,y-factory-9,prototypes/ir_factory.lua,33,False,retain_pfw,,Dedicated PFW category absent from parent machines; factories 4/6/7 retain commented construction.,machines
commented,item,ypfw_trader_sign,prototypes/ir_imports.lua,4,True,preserve_commented; reuse_parent,Yuoki:item/ypfw_trader_sign,Existing parent currency; local item is already commented.,trade-goods-and-materials
active,item,y-redcoil,prototypes/ir_imports.lua,16,False,retain_pfw,,No functional parent equivalent established; preserve trade-good/material identity and its recipes.,trade-goods-and-materials
active,item,y-grycoil,prototypes/ir_imports.lua,17,False,retain_pfw,,No functional parent equivalent established; preserve trade-good/material identity and its recipes.,trade-goods-and-materials
active,item,y-stuff-1,prototypes/ir_imports.lua,18,False,retain_pfw,,No functional parent equivalent established; preserve trade-good/material identity and its recipes.,trade-goods-and-materials
active,item,y-stuff-2,prototypes/ir_imports.lua,19,False,retain_pfw,,No functional parent equivalent established; preserve trade-good/material identity and its recipes.,trade-goods-and-materials
active,item,y-stuff-3,prototypes/ir_imports.lua,20,False,retain_pfw,,No functional parent equivalent established; preserve trade-good/material identity and its recipes.,trade-goods-and-materials
active,item,y-stuff-4,prototypes/ir_imports.lua,21,False,retain_pfw,,No functional parent equivalent established; preserve trade-good/material identity and its recipes.,trade-goods-and-materials
active,item,y-stuff-5,prototypes/ir_imports.lua,22,False,retain_pfw,,No functional parent equivalent established; preserve trade-good/material identity and its recipes.,trade-goods-and-materials
active,item,y-stuff-6,prototypes/ir_imports.lua,23,False,retain_pfw,,No functional parent equivalent established; preserve trade-good/material identity and its recipes.,trade-goods-and-materials
active,item,y-biomass,prototypes/ir_zmaterial.lua,15,False,retain_pfw,,No functional parent equivalent established; preserve trade-good/material identity and its recipes.,trade-goods-and-materials
active,item,y-combat-armor-1,prototypes/ir_zmaterial.lua,28,False,retain_pfw,,No functional parent equivalent established; preserve trade-good/material identity and its recipes.,trade-goods-and-materials
active,item,y-combat-armor-2,prototypes/ir_zmaterial.lua,41,False,reuse_parent_role_pending_tier_mapping,Yuoki:item/yi_equip_shield_a,Historical migration evidence; retain unique consumers and recipes; consult equipment comparison for changed stats and tier collapse.,equipment-and-weapons
active,item,y-combat-armor-3,prototypes/ir_zmaterial.lua,54,False,reuse_parent_role_pending_tier_mapping,Yuoki:item/yi_equip_shield_a,Historical migration evidence; retain unique consumers and recipes; consult equipment comparison for changed stats and tier collapse.,equipment-and-weapons
active,item,y-combat-train,prototypes/ir_zmaterial.lua,64,False,retain_pfw,,No functional parent equivalent established; preserve trade-good/material identity and its recipes.,trade-goods-and-materials
active,item,y-medic,prototypes/ir_zmaterial.lua,74,False,retain_pfw,,No functional parent equivalent established; preserve trade-good/material identity and its recipes.,trade-goods-and-materials
active,item,y-zielfern,prototypes/ir_zmaterial.lua,84,False,retain_pfw,,No functional parent equivalent established; preserve trade-good/material identity and its recipes.,trade-goods-and-materials
active,item,y-zproduct-8,prototypes/ir_zmaterial.lua,90,False,retain_pfw_trade_and_fuel,,12GJ fuel and refill/export casing cycle are absent from parent battery item.,equipment-and-weapons
active,item,y-zproduct-8-empty,prototypes/ir_zmaterial.lua,91,False,retain_pfw,,No functional parent equivalent established; preserve trade-good/material identity and its recipes.,trade-goods-and-materials
active,item-group,yi_special,prototypes/item-group/yi_pfw.lua,4,False,retain_pfw_presentation_or_category,,No same-type collision; category consolidation may follow machine choice; preserve commented placeholders.,categories-and-presentation
active,item-subgroup,yi-basic,prototypes/item-group/yi_pfw.lua,6,False,retain_pfw_presentation_or_category,,No same-type collision; category consolidation may follow machine choice; preserve commented placeholders.,categories-and-presentation
active,item-subgroup,yi-muntion,prototypes/item-group/yi_pfw.lua,7,False,retain_pfw_presentation_or_category,,No same-type collision; category consolidation may follow machine choice; preserve commented placeholders.,categories-and-presentation
active,item-subgroup,yi-handwaffen,prototypes/item-group/yi_pfw.lua,8,False,retain_pfw_presentation_or_category,,No same-type collision; category consolidation may follow machine choice; preserve commented placeholders.,categories-and-presentation
active,item-subgroup,yi-cyborgs,prototypes/item-group/yi_pfw.lua,9,False,retain_pfw_presentation_or_category,,No same-type collision; category consolidation may follow machine choice; preserve commented placeholders.,categories-and-presentation
active,item-subgroup,yi-swwaffen,prototypes/item-group/yi_pfw.lua,10,False,retain_pfw_presentation_or_category,,No same-type collision; category consolidation may follow machine choice; preserve commented placeholders.,categories-and-presentation
active,item-subgroup,yi-fahrzeuge,prototypes/item-group/yi_pfw.lua,11,False,retain_pfw_presentation_or_category,,No same-type collision; category consolidation may follow machine choice; preserve commented placeholders.,categories-and-presentation
active,item-subgroup,yi-panzer,prototypes/item-group/yi_pfw.lua,12,False,retain_pfw_presentation_or_category,,No same-type collision; category consolidation may follow machine choice; preserve commented placeholders.,categories-and-presentation
active,item-subgroup,yi-support,prototypes/item-group/yi_pfw.lua,13,False,retain_pfw_presentation_or_category,,No same-type collision; category consolidation may follow machine choice; preserve commented placeholders.,categories-and-presentation
active,item-subgroup,yi-material,prototypes/item-group/yi_pfw.lua,14,False,retain_pfw_presentation_or_category,,No same-type collision; category consolidation may follow machine choice; preserve commented placeholders.,categories-and-presentation
active,item-subgroup,yi-component,prototypes/item-group/yi_pfw.lua,15,False,retain_pfw_presentation_or_category,,No same-type collision; category consolidation may follow machine choice; preserve commented placeholders.,categories-and-presentation
active,item-subgroup,yi-imports,prototypes/item-group/yi_pfw.lua,17,False,retain_pfw_presentation_or_category,,No same-type collision; category consolidation may follow machine choice; preserve commented placeholders.,categories-and-presentation
active,item-subgroup,yi-retrade,prototypes/item-group/yi_pfw.lua,18,False,retain_pfw_presentation_or_category,,No same-type collision; category consolidation may follow machine choice; preserve commented placeholders.,categories-and-presentation
active,item-subgroup,yi-retrade1,prototypes/item-group/yi_pfw.lua,19,False,retain_pfw_presentation_or_category,,No same-type collision; category consolidation may follow machine choice; preserve commented placeholders.,categories-and-presentation
active,item-subgroup,yi-retrade2,prototypes/item-group/yi_pfw.lua,20,False,retain_pfw_presentation_or_category,,No same-type collision; category consolidation may follow machine choice; preserve commented placeholders.,categories-and-presentation
active,item-subgroup,yi-retrade3,prototypes/item-group/yi_pfw.lua,21,False,retain_pfw_presentation_or_category,,No same-type collision; category consolidation may follow machine choice; preserve commented placeholders.,categories-and-presentation
active,item-subgroup,yi-retrade4,prototypes/item-group/yi_pfw.lua,22,False,retain_pfw_presentation_or_category,,No same-type collision; category consolidation may follow machine choice; preserve commented placeholders.,categories-and-presentation
active,item-subgroup,yi-retrade5,prototypes/item-group/yi_pfw.lua,23,False,retain_pfw_presentation_or_category,,No same-type collision; category consolidation may follow machine choice; preserve commented placeholders.,categories-and-presentation
active,item-subgroup,yi-retrade6,prototypes/item-group/yi_pfw.lua,24,False,retain_pfw_presentation_or_category,,No same-type collision; category consolidation may follow machine choice; preserve commented placeholders.,categories-and-presentation
active,item-subgroup,yi-retrade7,prototypes/item-group/yi_pfw.lua,25,False,retain_pfw_presentation_or_category,,No same-type collision; category consolidation may follow machine choice; preserve commented placeholders.,categories-and-presentation
active,item-subgroup,yi-retrade8,prototypes/item-group/yi_pfw.lua,26,False,retain_pfw_presentation_or_category,,No same-type collision; category consolidation may follow machine choice; preserve commented placeholders.,categories-and-presentation
active,item-subgroup,yi-retrade9,prototypes/item-group/yi_pfw.lua,27,False,retain_pfw_presentation_or_category,,No same-type collision; category consolidation may follow machine choice; preserve commented placeholders.,categories-and-presentation
active,recipe-category,yrcat-munition,prototypes/item-group/yi_pfw.lua,29,False,retain_pfw_presentation_or_category,,No same-type collision; category consolidation may follow machine choice; preserve commented placeholders.,categories-and-presentation
active,recipe-category,yrcat-handwaffen,prototypes/item-group/yi_pfw.lua,30,False,retain_pfw_presentation_or_category,,No same-type collision; category consolidation may follow machine choice; preserve commented placeholders.,categories-and-presentation
active,recipe-category,yrcat-cyborgs,prototypes/item-group/yi_pfw.lua,31,False,retain_pfw_presentation_or_category,,No same-type collision; category consolidation may follow machine choice; preserve commented placeholders.,categories-and-presentation
active,recipe-category,yrcat-swwaffen,prototypes/item-group/yi_pfw.lua,32,False,retain_pfw_presentation_or_category,,No same-type collision; category consolidation may follow machine choice; preserve commented placeholders.,categories-and-presentation
active,recipe-category,yrcat-fahrzeuge,prototypes/item-group/yi_pfw.lua,33,False,retain_pfw_presentation_or_category,,No same-type collision; category consolidation may follow machine choice; preserve commented placeholders.,categories-and-presentation
active,recipe-category,yrcat-panzer,prototypes/item-group/yi_pfw.lua,34,False,retain_pfw_presentation_or_category,,No same-type collision; category consolidation may follow machine choice; preserve commented placeholders.,categories-and-presentation
active,recipe-category,yrcat-support,prototypes/item-group/yi_pfw.lua,35,False,retain_pfw_presentation_or_category,,No same-type collision; category consolidation may follow machine choice; preserve commented placeholders.,categories-and-presentation
active,recipe-category,yrcat-material,prototypes/item-group/yi_pfw.lua,36,False,retain_pfw_presentation_or_category,,No same-type collision; category consolidation may follow machine choice; preserve commented placeholders.,categories-and-presentation
active,recipe-category,yrcat-component,prototypes/item-group/yi_pfw.lua,37,False,retain_pfw_presentation_or_category,,No same-type collision; category consolidation may follow machine choice; preserve commented placeholders.,categories-and-presentation
active,recipe-category,yrcat-retrade,prototypes/item-group/yi_pfw.lua,39,False,retain_pfw_presentation_or_category,,No same-type collision; category consolidation may follow machine choice; preserve commented placeholders.,categories-and-presentation
commented,recipe-category,yrcat-retrade,prototypes/item-group/yi_pfw.lua,40,False,preserve_commented; retain_pfw_presentation_or_category,,No same-type collision; category consolidation may follow machine choice; preserve commented placeholders.,categories-and-presentation
commented,recipe-category,yrcat-retrade,prototypes/item-group/yi_pfw.lua,41,False,preserve_commented; retain_pfw_presentation_or_category,,No same-type collision; category consolidation may follow machine choice; preserve commented placeholders.,categories-and-presentation
commented,recipe-category,yrcat-retrade,prototypes/item-group/yi_pfw.lua,42,False,preserve_commented; retain_pfw_presentation_or_category,,No same-type collision; category consolidation may follow machine choice; preserve commented placeholders.,categories-and-presentation
commented,recipe-category,yrcat-retrade,prototypes/item-group/yi_pfw.lua,43,False,preserve_commented; retain_pfw_presentation_or_category,,No same-type collision; category consolidation may follow machine choice; preserve commented placeholders.,categories-and-presentation
commented,recipe-category,yrcat-retrade,prototypes/item-group/yi_pfw.lua,44,False,preserve_commented; retain_pfw_presentation_or_category,,No same-type collision; category consolidation may follow machine choice; preserve commented placeholders.,categories-and-presentation
commented,recipe-category,yrcat-retrade,prototypes/item-group/yi_pfw.lua,45,False,preserve_commented; retain_pfw_presentation_or_category,,No same-type collision; category consolidation may follow machine choice; preserve commented placeholders.,categories-and-presentation
commented,recipe-category,yrcat-retrade,prototypes/item-group/yi_pfw.lua,46,False,preserve_commented; retain_pfw_presentation_or_category,,No same-type collision; category consolidation may follow machine choice; preserve commented placeholders.,categories-and-presentation
commented,recipe-category,yrcat-retrade,prototypes/item-group/yi_pfw.lua,47,False,preserve_commented; retain_pfw_presentation_or_category,,No same-type collision; category consolidation may follow machine choice; preserve commented placeholders.,categories-and-presentation
commented,gun,y-sm-3,prototypes/uo_fab2.lua,6,False,preserve_commented; preserve_unfinished_pfw,,Commented grenade launcher is not an active gun; distinct from active packaged item.,equipment-and-weapons
active,gun,y-sm-5,prototypes/uo_fab2.lua,44,False,reuse_parent,Yuoki:gun/yi_minigun,Historical migration evidence; retain unique consumers and recipes; consult equipment comparison for changed stats and tier collapse.,equipment-and-weapons
active,gun,y-sm-1,prototypes/uo_fab2.lua,83,False,reuse_parent,Yuoki:gun/yi_lasergun,Historical migration evidence; retain unique consumers and recipes; consult equipment comparison for changed stats and tier collapse.,equipment-and-weapons
active,gun,y-sm-2,prototypes/uo_fab2.lua,111,False,reuse_parent_role_pending_tier_mapping,Yuoki:gun/yi_lasergun,Historical migration evidence; retain unique consumers and recipes; consult equipment comparison for changed stats and tier collapse.,equipment-and-weapons
active,ammo,y-mun-2,prototypes/uo_fab2.lua,138,False,reuse_parent,Yuoki:ammo/yi_ammo_energie,Historical migration evidence; retain unique consumers and recipes; consult equipment comparison for changed stats and tier collapse.,equipment-and-weapons
active,projectile,p2,prototypes/uo_fab2.lua,177,True,reuse_parent,Yuoki:projectile/p2,"Direct collision; use parent ammunition/projectile together, preserving original commented definition.",equipment-and-weapons
active,equipment-grid,y_walker_grid,prototypes/uo_fab3.lua,4,True,reuse_parent_grid_after_armor_choice,Yuoki:equipment-grid/y_walker_grid,Parent grid is 14x14; old y_walker_grid is 12x12 and collides; old y_armor_grid is 14x14.,equipment-and-weapons
active,equipment-grid,y_armor_grid,prototypes/uo_fab3.lua,12,False,reuse_parent_grid_after_armor_choice,Yuoki:equipment-grid/y_walker_grid,Parent grid is 14x14; old y_walker_grid is 12x12 and collides; old y_armor_grid is 14x14.,equipment-and-weapons
active,armor,y-cyb-8u,prototypes/uo_fab3.lua,24,False,reuse_candidate,Yuoki:armor/yi_walker_a,"Walker/armor role moved, but statistics and animation associations differ; preserve disabled conversions.",equipment-and-weapons
active,armor,y-cyb-9u,prototypes/uo_fab3.lua,43,False,pending_armor_choice,Yuoki:armor/yi_walker_a or yi_armor_gray,"Walker/armor role moved, but statistics and animation associations differ; preserve disabled conversions.",equipment-and-weapons
active,energy-shield-equipment,y-combat-armor-2,prototypes/uo_fab8.lua,4,False,reuse_parent_role_pending_tier_mapping,Yuoki:energy-shield-equipment/yi_equip_shield_a,Historical migration evidence; retain unique consumers and recipes; consult equipment comparison for changed stats and tier collapse.,equipment-and-weapons
active,energy-shield-equipment,y-combat-armor-3,prototypes/uo_fab8.lua,32,False,reuse_parent_role_pending_tier_mapping,Yuoki:energy-shield-equipment/yi_equip_shield_a,Historical migration evidence; retain unique consumers and recipes; consult equipment comparison for changed stats and tier collapse.,equipment-and-weapons
active,energy-shield-equipment,y-equ-1,prototypes/uo_fab8.lua,60,False,reuse_parent_role_pending_tier_mapping,Yuoki:energy-shield-equipment/yi_equip_shield_b,Historical migration evidence; retain unique consumers and recipes; consult equipment comparison for changed stats and tier collapse.,equipment-and-weapons
active,energy-shield-equipment,y-equ-2,prototypes/uo_fab8.lua,88,False,reuse_parent_role_pending_tier_mapping,Yuoki:energy-shield-equipment/yi_equip_shield_b,Historical migration evidence; retain unique consumers and recipes; consult equipment comparison for changed stats and tier collapse.,equipment-and-weapons
active,battery-equipment,y-zproduct-8,prototypes/uo_fab8.lua,116,False,split_equipment_from_trade_item,Yuoki:battery-equipment/yi_equip_battery_a,Reuse parent equipment role; preserve separate PFW fuel/refill/export loop.,equipment-and-weapons
active,generator-equipment,y-equ-6,prototypes/uo_fab8.lua,143,False,reuse_parent,Yuoki:generator-equipment/yi_equip_generator_a,Historical migration evidence; retain unique consumers and recipes; consult equipment comparison for changed stats and tier collapse.,equipment-and-weapons
active,movement-bonus-equipment,y-equ-9,prototypes/uo_fab8.lua,168,False,reuse_parent,Yuoki:movement-bonus-equipment/yi_equip_legs_a,Historical migration evidence; retain unique consumers and recipes; consult equipment comparison for changed stats and tier collapse.,equipment-and-weapons
