State,Recipe ID,Source,Line,Assessment,Scenario reference changes,Original material matches,Scenario material matches
active,y-retrader-recipe,prototypes/ir_basic.lua,4,retain_distinct_recipe,y-retrader-1 -> ye_trade_node,,
commented,y-rich-1-recipe,prototypes/ir_basic.lua,6,preserve_commented_recipe,,,
commented,y-rich-2-recipe,prototypes/ir_basic.lua,7,preserve_commented_recipe,,,
active,y-fab1a-recipe,prototypes/ir_fab1.lua,12,retain_distinct_recipe,,,
active,y-fab1b-recipe,prototypes/ir_fab1.lua,13,retain_distinct_recipe,,,
commented,y-fab1c-recipe,prototypes/ir_fab1.lua,14,preserve_commented_recipe,y-mun-2 -> yi_ammo_energie,,
active,y-fab1d-recipe,prototypes/ir_fab1.lua,15,retain_distinct_recipe,,,
active,y-fab1e-recipe,prototypes/ir_fab1.lua,16,retain_distinct_recipe,,,
active,y-fab1f-recipe,prototypes/ir_fab1.lua,17,retain_distinct_recipe,,,
active,y-fab1g-recipe,prototypes/ir_fab1.lua,18,retain_distinct_recipe,,,
active,y-fab1h-recipe,prototypes/ir_fab1.lua,19,retain_distinct_recipe,,,
active,y-fab1i-recipe,prototypes/ir_fab1.lua,20,retain_distinct_recipe,,,
active,y-fab1k-recipe,prototypes/ir_fab1.lua,21,retain_distinct_recipe,,,
active,y-rfab1a-recipe,prototypes/ir_fab1.lua,35,retain_distinct_recipe,,,
active,y-rfab1b-recipe,prototypes/ir_fab1.lua,36,retain_distinct_recipe,,,
active,y-rfab1c-recipe,prototypes/ir_fab1.lua,37,retain_distinct_recipe,y-mun-2 -> yi_ammo_energie,,
active,y-rfab1d-recipe,prototypes/ir_fab1.lua,38,retain_distinct_recipe,,,
active,y-rfab1e-recipe,prototypes/ir_fab1.lua,39,retain_distinct_recipe,,,
active,y-rfab1f-recipe,prototypes/ir_fab1.lua,40,retain_distinct_recipe,,,
active,y-rfab1g-recipe,prototypes/ir_fab1.lua,41,retain_distinct_recipe,,,
active,y-rfab1h-recipe,prototypes/ir_fab1.lua,42,retain_distinct_recipe,,,
active,y-rfab1i-recipe,prototypes/ir_fab1.lua,43,retain_distinct_recipe,,,
active,y-rfab1k-recipe,prototypes/ir_fab1.lua,44,retain_distinct_recipe,,,
active,y-fab2a-recipe,prototypes/ir_fab2.lua,24,retain_distinct_recipe,,,
commented,y-fab2b-recipe,prototypes/ir_fab2.lua,25,preserve_commented_recipe,y-mun-2 -> yi_ammo_energie; y-sm-1 -> yi_lasergun,,
commented,y-fab2c-recipe,prototypes/ir_fab2.lua,26,preserve_commented_recipe,y-mun-2 -> yi_ammo_energie; y-sm-2 -> yi_lasergun,,
active,y-fab2d-recipe,prototypes/ir_fab2.lua,27,retain_distinct_recipe,,,
active,y-fab2e-recipe,prototypes/ir_fab2.lua,28,retain_distinct_recipe,,,
commented,y-fab2f-recipe,prototypes/ir_fab2.lua,29,preserve_commented_recipe,y-sm-5 -> yi_minigun,,
active,y-fab2g-recipe,prototypes/ir_fab2.lua,30,retain_distinct_recipe,,,
commented,y-fab2h-recipe,prototypes/ir_fab2.lua,31,preserve_commented_recipe,,,
commented,y-fab2i-recipe,prototypes/ir_fab2.lua,32,preserve_commented_recipe,,,
commented,y-fab2k-recipe,prototypes/ir_fab2.lua,33,preserve_commented_recipe,,,
active,y-rfab2a-recipe,prototypes/ir_fab2.lua,47,retain_distinct_recipe,,,
active,y-rfab2b-recipe,prototypes/ir_fab2.lua,48,retain_distinct_recipe,y-sm-1 -> yi_lasergun,,
active,y-rfab2c-recipe,prototypes/ir_fab2.lua,49,retain_distinct_recipe,y-sm-2 -> yi_lasergun,,
active,y-rfab2d-recipe,prototypes/ir_fab2.lua,50,retain_distinct_recipe,,,
active,y-rfab2e-recipe,prototypes/ir_fab2.lua,51,retain_distinct_recipe,,,
active,y-rfab2f-recipe,prototypes/ir_fab2.lua,52,retain_distinct_recipe,y-sm-5 -> yi_minigun,,
active,y-rfab2g-recipe,prototypes/ir_fab2.lua,53,retain_distinct_recipe,,,
commented,y-rfab2h-recipe,prototypes/ir_fab2.lua,54,preserve_commented_recipe,,,
commented,y-rfab2i-recipe,prototypes/ir_fab2.lua,55,preserve_commented_recipe,,,
commented,y-rfab2k-recipe,prototypes/ir_fab2.lua,56,preserve_commented_recipe,,,
active,y-fab3a-recipe,prototypes/ir_fab3.lua,13,retain_distinct_recipe,,,
active,y-fab3b-recipe,prototypes/ir_fab3.lua,14,retain_distinct_recipe,,,
active,y-fab3c-recipe,prototypes/ir_fab3.lua,15,retain_distinct_recipe,y-combat-armor-2 -> yi_equip_shield_a,,
active,y-fab3d-recipe,prototypes/ir_fab3.lua,16,retain_distinct_recipe,y-sm-1 -> yi_lasergun,,
active,y-fab3e-recipe,prototypes/ir_fab3.lua,17,retain_distinct_recipe,flame-thrower -> flamethrower,,
active,y-fab3f-recipe,prototypes/ir_fab3.lua,18,retain_distinct_recipe,y-sm-5 -> yi_minigun; y-combat-armor-2 -> yi_equip_shield_a,,
active,y-fab3g-recipe,prototypes/ir_fab3.lua,19,retain_distinct_recipe,,,
active,y-fab3h-recipe,prototypes/ir_fab3.lua,20,retain_distinct_recipe,,,
active,y-fab3i-recipe,prototypes/ir_fab3.lua,21,retain_distinct_recipe,y-sm-1 -> yi_lasergun; y-combat-armor-3 -> yi_equip_shield_a,,
active,y-fab3k-recipe,prototypes/ir_fab3.lua,22,retain_distinct_recipe,y-sm-2 -> yi_lasergun; y-combat-armor-3 -> yi_equip_shield_a,,
active,y-rfab3a-recipe,prototypes/ir_fab3.lua,36,retain_distinct_recipe,,,
active,y-rfab3b-recipe,prototypes/ir_fab3.lua,37,retain_distinct_recipe,,,
active,y-rfab3c-recipe,prototypes/ir_fab3.lua,38,retain_distinct_recipe,,,
active,y-rfab3d-recipe,prototypes/ir_fab3.lua,39,retain_distinct_recipe,,,
active,y-rfab3e-recipe,prototypes/ir_fab3.lua,40,retain_distinct_recipe,,,
active,y-rfab3f-recipe,prototypes/ir_fab3.lua,41,retain_distinct_recipe,,,
active,y-rfab3g-recipe,prototypes/ir_fab3.lua,42,retain_distinct_recipe,,,
active,y-rfab3h-recipe,prototypes/ir_fab3.lua,43,retain_distinct_recipe,,,
active,y-rfab3i-recipe,prototypes/ir_fab3.lua,44,retain_distinct_recipe,,,
active,y-rfab3k-recipe,prototypes/ir_fab3.lua,45,retain_distinct_recipe,,,
active,y-fab5a-recipe,prototypes/ir_fab5.lua,13,retain_distinct_recipe,,,
active,y-fab5b-recipe,prototypes/ir_fab5.lua,14,retain_distinct_recipe,,,
active,y-fab5c-recipe,prototypes/ir_fab5.lua,15,retain_distinct_recipe,,,
active,y-fab5d-recipe,prototypes/ir_fab5.lua,16,retain_distinct_recipe,,,
active,y-fab5e-recipe,prototypes/ir_fab5.lua,17,retain_distinct_recipe,,,
active,y-fab5f-recipe,prototypes/ir_fab5.lua,18,retain_distinct_recipe,,,
active,y-fab5g-recipe,prototypes/ir_fab5.lua,19,retain_distinct_recipe,,,
commented,y-fab5h-recipe,prototypes/ir_fab5.lua,20,preserve_commented_recipe,,,
active,y-fab5i-recipe,prototypes/ir_fab5.lua,21,retain_distinct_recipe,,,
active,y-fab5k-recipe,prototypes/ir_fab5.lua,22,retain_distinct_recipe,,,
commented,y-rfab5a-recipe,prototypes/ir_fab5.lua,36,preserve_commented_recipe,,,
commented,y-rfab5b-recipe,prototypes/ir_fab5.lua,37,preserve_commented_recipe,,,
commented,y-rfab5c-recipe,prototypes/ir_fab5.lua,38,preserve_commented_recipe,,,
active,y-rfab5d-recipe,prototypes/ir_fab5.lua,39,retain_distinct_recipe,,,
active,y-rfab5e-recipe,prototypes/ir_fab5.lua,40,retain_distinct_recipe,,,
active,y-rfab5f-recipe,prototypes/ir_fab5.lua,41,retain_distinct_recipe,,,
active,y-rfab5g-recipe,prototypes/ir_fab5.lua,42,retain_distinct_recipe,,,
commented,y-rfab5h-recipe,prototypes/ir_fab5.lua,43,preserve_commented_recipe,,,
active,y-rfab5i-recipe,prototypes/ir_fab5.lua,44,retain_distinct_recipe,,,
active,y-rfab5k-recipe,prototypes/ir_fab5.lua,45,retain_distinct_recipe,,,
active,y-fab8a-recipe,prototypes/ir_fab8.lua,22,retain_distinct_recipe,,,
commented,y-fab8b-recipe,prototypes/ir_fab8.lua,23,preserve_commented_recipe,y-equ-1 -> yi_equip_shield_b,,
commented,y-fab8c-recipe,prototypes/ir_fab8.lua,24,preserve_commented_recipe,y-equ-2 -> yi_equip_shield_b,,
active,y-fab8d-recipe,prototypes/ir_fab8.lua,25,retain_distinct_recipe,y-sm-1 -> yi_lasergun,,
active,y-fab8e-recipe,prototypes/ir_fab8.lua,27,retain_distinct_recipe,,,
active,y-fab8f-recipe,prototypes/ir_fab8.lua,28,retain_distinct_recipe,,,
commented,y-fab8g-recipe,prototypes/ir_fab8.lua,29,preserve_commented_recipe,y-equ-6 -> yi_equip_generator_a,,
commented,y-fab8h-recipe,prototypes/ir_fab8.lua,31,preserve_commented_recipe,,,
commented,y-fab8i-recipe,prototypes/ir_fab8.lua,32,preserve_commented_recipe,y-sm-1 -> yi_lasergun; y-combat-armor-3 -> yi_equip_shield_a,,
commented,y-fab8k-recipe,prototypes/ir_fab8.lua,33,preserve_commented_material_duplicate_with_different_access,y-equ-9 -> yi_equip_legs_a,,yi_equip_legs_a
commented,y-rfab8a-recipe,prototypes/ir_fab8.lua,49,preserve_commented_recipe,,,
active,y-rfab8b-recipe,prototypes/ir_fab8.lua,50,retain_distinct_recipe,y-equ-1 -> yi_equip_shield_b,,
active,y-rfab8c-recipe,prototypes/ir_fab8.lua,51,retain_distinct_recipe,y-equ-2 -> yi_equip_shield_b,,
active,y-rfab8d-recipe,prototypes/ir_fab8.lua,52,retain_distinct_recipe,,,
active,y-rfab8e-recipe,prototypes/ir_fab8.lua,54,retain_distinct_recipe,,,
active,y-rfab8f-recipe,prototypes/ir_fab8.lua,55,retain_distinct_recipe,,,
active,y-rfab8g-recipe,prototypes/ir_fab8.lua,56,retain_distinct_recipe,y-equ-6 -> yi_equip_generator_a,,
commented,y-rfab8h-recipe,prototypes/ir_fab8.lua,57,preserve_commented_recipe,,,
commented,y-rfab8i-recipe,prototypes/ir_fab8.lua,58,preserve_commented_recipe,,,
commented,y-rfab8k-recipe,prototypes/ir_fab8.lua,59,preserve_commented_recipe,y-equ-9 -> yi_equip_legs_a,,
active,y-fab1-recipe,prototypes/ir_factory.lua,14,retain_distinct_recipe,,,
active,y-fab2-recipe,prototypes/ir_factory.lua,15,retain_distinct_recipe,,,
active,y-fab3-recipe,prototypes/ir_factory.lua,16,retain_distinct_recipe,,,
commented,y-fab4-recipe,prototypes/ir_factory.lua,17,preserve_commented_recipe,,,
active,y-fab5-recipe,prototypes/ir_factory.lua,18,retain_distinct_recipe,,,
commented,y-fab6-recipe,prototypes/ir_factory.lua,19,preserve_commented_recipe,,,
commented,y-fab7-recipe,prototypes/ir_factory.lua,20,preserve_commented_recipe,,,
active,y-fab8-recipe,prototypes/ir_factory.lua,21,retain_distinct_recipe,,,
active,y-fab9-recipe,prototypes/ir_factory.lua,22,retain_distinct_recipe,,,
active,y-import1-recipe,prototypes/ir_imports.lua,7,retain_distinct_recipe,,,
active,y-import2-recipe,prototypes/ir_imports.lua,8,retain_distinct_recipe,,,
active,y-import3-recipe,prototypes/ir_imports.lua,9,retain_distinct_recipe,,,
active,y-import4-recipe,prototypes/ir_imports.lua,10,retain_distinct_recipe,,,
active,y-import5-recipe,prototypes/ir_imports.lua,11,retain_distinct_recipe,,,
active,y-import6-recipe,prototypes/ir_imports.lua,12,retain_distinct_recipe,,,
active,y-import7-recipe,prototypes/ir_imports.lua,13,retain_distinct_recipe,,,
active,y-import8-recipe,prototypes/ir_imports.lua,14,retain_distinct_recipe,,,
active,y-rimp1-recipe,prototypes/ir_imports.lua,25,retain_distinct_recipe,,,
active,y-rimp2-recipe,prototypes/ir_imports.lua,26,retain_distinct_recipe,,,
active,y-rimp3-recipe,prototypes/ir_imports.lua,27,retain_distinct_recipe,,,
active,y-rimp4-recipe,prototypes/ir_imports.lua,28,retain_distinct_recipe,,,
active,y-rimp5-recipe,prototypes/ir_imports.lua,29,retain_distinct_recipe,,,
active,y-rimp6-recipe,prototypes/ir_imports.lua,30,retain_distinct_recipe,,,
active,y-rimp7-recipe,prototypes/ir_imports.lua,31,retain_distinct_recipe,,,
active,y-rimp8-recipe,prototypes/ir_imports.lua,32,retain_distinct_recipe,,,
active,y-zproduct-1-recipe,prototypes/ir_zmaterial.lua,7,retain_distinct_recipe,raw-wood -> wood,,
commented,y-zproduct-2-recipe,prototypes/ir_zmaterial.lua,19,preserve_commented_recipe,,,
commented,y-zproduct-3-recipe,prototypes/ir_zmaterial.lua,32,preserve_commented_recipe,y-combat-armor-2 -> yi_equip_shield_a,,
commented,y-zproduct-4-recipe,prototypes/ir_zmaterial.lua,45,preserve_commented_recipe,y-combat-armor-3 -> yi_equip_shield_a,,
active,y-zproduct-5-recipe,prototypes/ir_zmaterial.lua,56,retain_distinct_recipe,,,
active,y-zproduct-6-recipe,prototypes/ir_zmaterial.lua,66,retain_distinct_recipe,,,
active,y-zproduct-7-recipe,prototypes/ir_zmaterial.lua,76,retain_distinct_recipe,,,
active,y-zproduct-8-recipe,prototypes/ir_zmaterial.lua,87,retain_distinct_recipe,,,
active,y-zproduct-8charge-recipe,prototypes/ir_zmaterial.lua,88,retain_distinct_recipe,,,
active,y-rzproduct-8-recipe,prototypes/ir_zmaterial.lua,92,retain_distinct_recipe,,,
commented,y-fab3ix_y8-recipe,prototypes/uo_fab3.lua,21,preserve_commented_recipe,,,
commented,y-fab3ix_y9-recipe,prototypes/uo_fab3.lua,22,preserve_commented_recipe,,,
